formula,formation_energy_true,formation_energy_pred
Cr2C,0.789143783,0.7162537991149991
Cr2CO2,-0.881746892,-0.8965825752149987
Cr2F2N,-1.503966995,-1.528895618750001
Cr2H2NO2,-0.893623076,-0.8514408297400009
Cr2N,0.531967063,0.43951772928500005
Cr3C2,0.537150899,0.4777340833299988
Cr3C2F2,-0.855879462,-0.9304687335249998
Cr3C2H2O2,-0.52019423,-0.5285544949200007
Cr3C2O2,-0.623093178,-0.636112134355001
Cr3N2,0.213849078,0.13284317011499996
Cr3N2O2,-0.829810508,-0.8657923348450001
Cr4C3,0.373496671,0.3580450352649995
Cr4C3F2,-0.649412156,-0.7254324579850003
Cr4C3H2O2,-0.413045594,-0.4401223315750002
Cr4C3O2,-0.414451418,-0.4572166919399994
Cr4F2N3,-1.090314399,-1.126073966660001
Cr4H2N3O2,-0.772735978,-0.7342279562550003
Cr4N3,-0.121958653,-0.061426261695000005
Cr4N3O2,-0.855985122,-0.8430182122900008
Hf2C,0.012178679,-0.2116456149200001
Hf2CF2,-2.260407471,-2.2545982313750024
Hf2CH2O2,-1.438597866,-1.411587886630003
Hf2CO2,-2.307389343,-2.071494421789997
Hf2F2N,-2.381737077,-2.404973345065007
Hf2H2NO2,-1.559102136,-1.563363279900002
Hf2N,-0.440404735,-0.6667463471149999
Hf2NO2,-2.583980945,-2.504432811870003
Hf3C2,-0.367620157,-0.33961998316499953
Hf3C2F2,-1.912199774,-1.867424772009996
Hf3C2H2O2,-1.345951694,-1.3384571195600032
Hf3C2O2,-1.812255631,-1.6360707192850015
Hf3F2N2,-2.125211153,-2.195096717805006
Hf3H2N2O2,-1.551610561,-1.5856899574899992
Hf3N2,-0.877809199,-0.9132290970150021
Hf3N2O2,-2.386006235,-2.303493197285006
Hf4C3,-0.530324833,-0.46030050541999934
Hf4C3F2,-1.683930893,-1.6725306726950024
Hf4C3H2O2,-1.263441104,-1.2691575610300028
Hf4C3O2,-1.67841771,-1.6175870989950016
Hf4F2N3,-2.07670567,-2.079755986035007
Hf4H2N3O2,-1.609141583,-1.5885365339949982
Hf4N3,-1.184688214,-1.1219928461750022
Hf4N3O2,-2.209534906,-2.0579844576450035
Mn2C,0.69818154,0.6403753814549981
Mn2CF2,-1.211706661,-1.2173077530949974
Mn2CH2O2,-0.679253723,-0.6919066075149997
Mn2F2N,-1.348883438,-1.3439627430749994
Mn2H2NO2,-0.778281928,-0.7992292707100012
Mn2N,0.591096799,0.5128439601899994
Mn2NO2,-1.004600619,-0.9220645255500008
Mn3C2,0.44375184,0.44084403663000044
Mn3C2F2,-0.755419649,-0.7758691047450008
Mn3C2H2O2,-0.438861518,-0.45064032660500003
Mn3C2O2,-0.407668344,-0.48274463974500037
Mn3F2N2,-0.838331214,-1.0529947051849973
Mn3H2N2O2,-0.559976131,-0.5957518943399991
Mn3N2,0.183639837,0.20294942399500043
Mn4C3,0.392503449,0.37562155391500085
Mn4C3F2,-0.521470042,-0.5770651476900006
Mn4C3H2O2,-0.303720163,-0.3858523464749999
Mn4C3O2,-0.235408842,-0.4197769224150001
Mn4H2N3O2,-0.479216907,-0.5302069400299989
Mn4N3,-0.004195302,0.08189395003500012
Mn4N3O2,-0.632000893,-0.6329088008049988
Mo2C,0.786323189,0.7542014976650003
Mo2CF2,-1.016778224,-1.0810605735200034
Mo2CH2O2,-0.576427893,-0.5947336961050003
Mo2CO2,-0.958054861,-0.9130367752249979
Mo2F2N,-1.191554128,-1.1395666200150019
Mo2H2NO2,-0.696275088,-0.7110696445699979
Mo2N,0.66310091,0.6074712170099985
Mo2NO2,-1.058915736,-0.9985918543499978
Mo3C2,0.457276117,0.45248818539500063
Mo3C2F2,-0.737201626,-0.8333960907500007
Mo3C2H2O2,-0.442869216,-0.45061612221000025
Mo3C2O2,-0.656378274,-0.6054756370450006
Mo3F2N2,-0.901248583,-0.9158392386450018
Mo3H2N2O2,-0.594738539,-0.5839510896700009
Mo3N2,0.31824437,0.3144997219950005
Mo3N2O2,-0.853568834,-0.7468520451150004
Mo4C3,0.354085777,0.38743700926999985
Mo4C3F2,-0.613551279,-0.6255625254500017
Mo4C3H2O2,-0.393055163,-0.4024836125249998
Mo4C3O2,-0.448211993,-0.4517347984050005
Mo4F2N3,-0.814360681,-0.8011164974200008
Mo4H2N3O2,-0.546785406,-0.5721781222449995
Mo4N3,-0.117566868,0.15900480726
Mo4N3O2,-0.697208253,-0.6793414486450002
Nb2C,0.284040518,0.2861822564899996
Nb2CF2,-1.813100432,-1.7655564370599999
Nb2CH2O2,-1.12639898,-1.0801401815000025
Nb2CO2,-1.727511018,-1.5981037640899964
Nb2F2N,-1.811325392,-1.7884657753399997
Nb2H2NO2,-1.144997503,-1.146254055660004
Nb2N,0.028747362,-0.08440395004499976
Nb2NO2,-1.916125921,-1.8003003317300001
Nb3C2,-0.03271466,0.054394484825000075
Nb3C2F2,-1.363084189,-1.3634180097400022
Nb3C2H2O2,-0.929482595,-0.9521476827949995
Nb3C2O2,-1.37102799,-1.3166177231499967
Nb3F2N2,-1.625730519,-1.6185268419949994
Nb3H2N2O2,-1.145816695,-1.140199168355002
Nb3N2,-0.40135405,-0.36883448983000006
Nb3N2O2,-1.616996772,-1.5387573850149963
Nb4C3,-0.26922953,-0.07287880283499998
Nb4C3F2,-1.251591017,-1.2732603209100029
Nb4C3H2O2,-0.916306235,-0.8955572637249998
Nb4C3O2,-1.211952172,-1.1314498618999986
Nb4F2N3,-1.506302394,-1.52434471005
Nb4H2N3O2,-1.122681166,-1.1527660424550035
Nb4N3,-0.569596404,-0.5066947016399986
Nb4N3O2,-1.5326914,-1.4597023189299996
Sc2C,-0.060786782,-0.15477669876500008
Sc2CF2,-2.541265344,-2.4332042410550003
Sc2CH2O2,-1.557127766,-1.5603065418850022
Sc2CO2,-1.812340172,-2.0334027005899973
Sc2F2N,-2.984131642,-2.827991708085004
Sc2H2NO2,-1.900707201,-1.8345706156449966
Sc2N,-0.808648847,-0.8106373670300003
Sc2NO2,-2.414489714,-2.5359712390899998
Sc3C2,-0.284050376,-0.3005450677100011
Sc3C2F2,-1.778598304,-1.8023438192850059
Sc3C2H2O2,-1.199954296,-1.285497035349997
Sc3C2O2,-1.648476353,-1.6426995197000007
Sc3F2N2,-2.694769231,-2.614536119580005
Sc3H2N2O2,-1.903654496,-1.8712118301750016
Sc3N2,-1.242464607,-1.086277155354999
Sc3N2O2,-2.281217672,-2.3154827028050007
Sc4C3,-0.321604606,-0.34400595963000036
Sc4C3F2,-1.463139164,-1.4544449231500014
Sc4C3H2O2,-1.036525119,-1.1250140178600014
Sc4C3O2,-1.092481525,-1.1766760083700032
Sc4F2N3,-2.570074031,-2.410651465370005
Sc4H2N3O2,-1.947394024,-1.8826541285450011
Sc4N3,-1.485609464,-1.333783240459998
Sc4N3O2,-2.250582645,-2.1945529949950027
Ta2C,0.31552792,0.2605870883300002
Ta2CF2,-1.669997739,-1.6590298796999983
Ta2CH2O2,-1.052686743,-1.071128860400002
Ta2CO2,-1.765860026,-1.5575482399149998
Ta2F2N,-1.617616224,-1.67355834974
Ta2H2NO2,-1.027565899,-1.0859542760649987
Ta2N,0.164725324,-0.17769984258000027
Ta2NO2,-1.876341566,-1.8027063864600021
Ta3C2,0.007367478,0.034283989969999956
Ta3C2F2,-1.265524269,-1.3237007266899992
Ta3C2H2O2,-0.873985127,-1.000254656214999
Ta3C2O2,-1.397317972,-1.353475848884998
Ta3F2N2,-1.468564617,-1.5126485588050016
Ta3H2N2O2,-1.039753363,-1.1067878391599977
Ta3N2,-0.308609979,-0.37931474403500026
Ta3N2O2,-1.54090005,-1.5173734617450025
Ta4C3,-0.263962036,-0.17289046082499993
Ta4C3F2,-1.18920605,-1.2291756137199978
Ta4C3H2O2,-0.881711,-0.9499059093199986
Ta4C3O2,-1.249088308,-1.2127748140650025
Ta4F2N3,-1.292392481,-1.3735678860250002
Ta4H2N3O2,-0.972625461,-1.2362808966299987
Ta4N3,-0.416915828,-0.5223920927699996
Ta4N3O2,-1.442691387,-1.434613010995
Ti2CF2,-2.27416768,-2.2142569114350024
Ti2CH2O2,-1.429972453,-1.426901875185002
Ti2CO2,-2.06105995,-2.0053398750449998
Ti2F2N,-2.561657971,-2.479526676219996
Ti2H2NO2,-1.644564329,-1.6252983772649978
Ti2N,-0.588570078,-0.7236043993300004
Ti2NO2,-2.427262572,-2.390674784590003
Ti3C2,-0.381103554,-0.3914630184850003
Ti3C2F2,-1.860417794,-1.8481032825050006
Ti3C2O2,-1.608598373,-1.6321774523250028
Ti3F2N2,-2.228438487,-2.2853788258550027
Ti3H2N2O2,-1.597694312,-1.6158227733099952
Ti3N2,-0.985172031,-0.9430248741349988
Ti3N2O2,-2.232220166,-2.2225262934399965
Ti4C3,-0.517776367,-0.4690396769250001
Ti4C3F2,-1.635185788,-1.616309166735001
Ti4C3H2O2,-1.21123392,-1.214328765970003
Ti4C3O2,-1.50161531,-1.4880053302750003
Ti4F2N3,-2.180332865,-2.1862009956600073
Ti4H2N3O2,-1.666870552,-1.6102191823199967
Ti4N3,-1.256317588,-1.1726793915049998
Ti4N3O2,-2.127643174,-2.1127620617700056
V2C,0.337235199,0.2957287600300001
V2CF2,-1.723631726,-1.6909011897750017
V2CH2O2,-1.060472925,-1.05054266809
V2CO2,-1.436963878,-1.3648986247449988
V2H2NO2,-1.19895202,-1.1538067134000014
V2N,-0.062223828,-0.15475315905000023
V3C2,0.024455883,0.04927496794499994
V3C2F2,-1.267993964,-1.3165602429149998
V3C2H2O2,-0.852135548,-0.8809012818050028
V3C2O2,-1.107298395,-1.1226457544549966
V3F2N2,-1.546310437,-1.6814141186649956
V3H2N2O2,-1.079086762,-1.0903280905100017
V3N2,-0.367901304,-0.41765654690499976
V3N2O2,-1.509284502,-1.3966897862049985
V4C3,-0.131807621,-0.110455882325
V4C3F2,-1.114250996,-1.277841808055001
V4C3H2O2,-0.799695603,-0.8166420517950018
V4C3O2,-0.967520279,-0.948531345720002
V4F2N3,-1.493826455,-1.6582630305699972
V4H2N3O2,-1.103983363,-1.1351484386399993
V4N3,-0.593356273,-0.5330744967899997
V4N3O2,-1.376900839,-1.3459347479699995
W2C,0.957153417,0.8062512326800002
W2CF2,-0.794890777,-0.872553894600003
W2CH2O2,-0.429226173,-0.5303656262350013
W2CO2,-0.935930369,-0.8780355747850019
W2F2N,-0.927262758,-0.934804559010002
W2H2NO2,-0.530983635,-0.6726259385949994
W2N,0.870033183,0.5584872935099988
W2NO2,-0.946453766,-0.9325002852149994
W3C2,0.588552569,0.5581040560499998
W3C2F2,-0.559840416,-0.6049866510050005
W3C2H2O2,-0.317344146,-0.34155624221500097
W3C2O2,-0.59126831,-0.5576513653450008
W3F2N2,-0.630834388,-0.6757929620999995
W3H2N2O2,-0.410512225,-0.43179285203000056
W3N2,0.5447464,0.5019695782599984
W3N2O2,-0.716222082,-0.7003961887300011
W4C3,0.547844669,0.5448818222749995
W4C3F2,-0.421023184,-0.46084602720000123
W4C3H2O2,-0.24548654,-0.287868526900001
W4C3O2,-0.383283546,-0.3835371780350008
W4F2N3,-0.481655634,-0.563574232925001
W4H2N3O2,-0.288075632,-0.352149443225001
W4N3,0.625500662,0.3834608412499994
W4N3O2,-0.485606088,-0.5708333004400008
Y2C,0.037016926,-0.04233549356500008
Y2CF2,-2.497009159,-2.4204276763000006
Y2CH2O2,-1.502911873,-1.562013805625001
Y2CO2,-1.792301385,-1.9680013847449942
Y2F2N,-2.919192408,-2.661443018210002
Y2H2NO2,-1.838113135,-1.836435240339999
Y2N,-0.697539788,-0.8197460198950001
Y2NO2,-2.385924838,-2.4212076158249967
Y3C2,-0.140203065,-0.18799368474000044
Y3C2F2,-1.715968012,-1.774219429170002
Y3C2H2O2,-1.119985663,-1.28151495863
Y3C2O2,-1.569476414,-1.586902394745003
Y3F2N2,-2.614087649,-2.5309980557800005
Y3H2N2O2,-1.825248885,-1.8331116753600016
Y3N2,-1.093169715,-1.1316751568649968
Y3N2O2,-2.228160307,-2.266189657849998
Y4C3,-0.15628904,-0.27935911578
Y4C3F2,-1.363126768,-1.3909727346899985
Y4C3H2O2,-0.939972141,-1.0688276922299993
Y4C3O2,-1.024714245,-1.123897866650003
Y4F2N3,-2.456640293,-2.3954671032000063
Y4H2N3O2,-1.841986852,-1.8357950689399973
Y4N3,-1.299303,-1.3171514861949976
Y4N3O2,-2.149315151,-2.1554368445099983
Zr2CF2,-2.362683664,-2.3200399922949946
Zr2CH2O2,-1.485474419,-1.4362100535850026
Zr2CO2,-2.287543747,-2.1510117990399924
Zr2F2N,-2.591595542,-2.5506840427449973
Zr2H2NO2,-1.665463939,-1.6448982157350027
Zr2N,-0.544157544,-0.6749354643350002
Zr2NO2,-2.615726845,-2.5561530004149953
Zr3C2,-0.417315994,-0.3528897902949996
Zr3C2F2,-1.964052754,-1.9126937730650033
Zr3C2H2O2,-1.368375141,-1.3424338177900015
Zr3C2O2,-1.796041003,-1.7525151331850048
Zr3F2N2,-2.283108467,-2.344628181415001
Zr3H2N2O2,-1.645322115,-1.6671213190549985
Zr3N2,-0.972064627,-0.975389807580001
Zr3N2O2,-2.426937928,-2.3692290413499917
Zr4C3,-0.553695766,-0.4757287976000001
Zr4C3F2,-1.71728553,-1.7000070066450041
Zr4C3H2O2,-1.273955784,-1.2500132408750027
Zr4C3O2,-1.64829792,-1.6107710271200029
Zr4F2N3,-2.225973875,-2.225827774830007
Zr4H2N3O2,-1.706493465,-1.6818253277049968
Zr4N3,-1.276421745,-1.233339497704997
Zr4N3O2,-2.267204327,-2.207692840005
